text,label,tfidf_mean,embedding_mean,sentiment_score,sentiment_intensity
北京开车族注意：今天下午六点开始，全市高清探头全部启用，副驾驶不系安全带相同处罚，开车时打电话罚款50元，闯黄闪罚款200，越线停车罚款100， 晚六点至深夜2点，为期60天的全国交警集中查处酒驾，一经查获，一律拘役六个月，五年内不得考证。请相互转告。 ​,1,0.004702141133617403,0.00047287430300779054,0.0,0.0
"【反日，不要坑同胞】据重庆商报,网友 说:他的日产越野车停沙坪坝被""爱国青年""下螺丝,比砸车还吓人.""这些疯狂又愚蠢的傻货!!!要是车主是个毫无经验的新手未能及时发现咋办?这可真的能要人命啊!!""不仅是车主遭殃,路人也会遭殃… 【魔都人民请注意,我们有各自抵制的义务,但没有彼此损坏的权利】",1,0.003670054458321047,-0.0008579358183283158,0.0,0.0
【一图教你飞机自救逃生！】据新华网：澳大利亚一位教授研究了1983-2000年间105次坠机事件2000多名幸存者的受访记录，总结出6条自救方法：①别与家人分开；②学会解安全带；③距离逃生口近；④背朝飞行方向；⑤带上防烟口罩；⑥听乘务员讲解。紧急情况下它们能救命！扩散！,0,0.0039252213239906394,0.0012920231113049286,0.0,0.0
“这是一场不可能赢的比赛”。这是教练组、德罗巴、阿内尔卡赛后反复说的一句话。他们什么大赛没经历过，不会因为一场比赛出离愤怒。究竟是为什么？我们也不知该如何和他们解释。这是大伙玩命拼下的一分，但或许已经是最好的结果了……,0,0.003581756582477575,0.0026369135834758968,0.0058823529411764705,0.0058823529411764705
Chow Kar Hoo拍的一组“Heroes Next Door”（英雄在香港）的照片，Madam，太帅了~,0,0.001410568122426652,-0.0012063933021607043,0.0,0.0
感动，地震发生期间一位警察救起了一只压在木板下的一只大熊猫当警察准备离开时熊猫死死地抱住警察叔叔的腿。如果你感动了，请转发一下把。地震无情人有情，为雅安祈福。,1,0.006874448675526079,0.0002368135363124839,0.016666666666666666,0.016666666666666666
当一些人著书立说或强闻博记的时候，我却花了3年时间四处游荡，千方百计忘掉头脑里所学的东西。这样忘掉所学的知识，既缓慢，又困难。但这种忘记，比人们灌输给我们的所有知识都更有用，可以算得上一种开蒙。——（法）安德烈.纪德《人间食粮》,0,0.00313349557923549,-0.00028235772285938753,0.0,0.0
【什么才是标准金牛座】1、没事爱抽风，易伤人，还后悔。2、总纠结，不听劝，死倔。3、大事谨慎，小事糊涂，聪明内敛。4、爱装，装坚强，装深沉，装成熟。5、对爱的人很好，柔情似水。6、喜欢音乐，幻想浪漫，更重现实。7、心太软，志不坚。8、生气后，很恐怖！杀气啊！,0,0.0024486133054873196,-0.0008215231945180978,0.0,0.0
不计前嫌，继续溜粉，[爱你]发一张刘忻在星跳水立方比赛倒立的图，很笔直，对不咯？4月21日周日晚上22点收看江苏卫视《星跳水立方》，将会有刘忻的精彩表现，那神马VCR比我发的图还虐心，自己准备好纸巾，别怪我没有提醒,0,0.0035818362842571618,-0.002092933479981666,-0.005555555555555556,0.005555555555555556
【红色穿搭志】在这寒冷的秋冬给自己添点好运吧！[耶]来这学搭配>>>,0,0.0,-0.004835228743195233,0.0,0.0
鼠标用多了指头好僵硬，腕子也痛，我可不想成为‘鼠标手’的目标，还是按摩按摩吧，边工作边按摩，自己做自己的按摩医生。,0,0.002266779489255824,-0.0020289429709705524,0.01,0.01
刚才那种整块的BilTong非洲神肉，被我们扫荡光了，就剩切片的了……雕粉们，准备好你们的胃吧！25号见！ 我在:,0,0.001987984901467389,-9.767727462668685e-06,0.010810810810810811,0.010810810810810811
给即将过去的2012年说声感谢 谢谢那再也回不来的过去 谢谢时间给我留下最好的朋友 最爱我的家人、最棒的嘉园〜怀着感恩的心迎接2013平安,0,0.0032888073144699435,-0.001433096625470334,0.03076923076923077,0.03076923076923077
【外媒：常委人数变化使中国政治决策更有效率】十八大闭幕，国际舆论纷纷热评。英国《卫报》撰文称，习近平15日向媒体介绍他的中央政治局常委同事时表现十分自信。他同李克强已经在常委中共事了一届，配合良好，现在常委从9人减少到7人，将使中国的政治决策更加有效率。 人民日报,0,0.0030918411052247826,-0.0031041064975988798,0.0,0.0
【算算再过20年，中国会剩下什么？】某官员酒后吐真言:算一笔简简单单的帐，目前中国5%的人掌握了中国95%财富，而这5%的人已经移民或者正在办理移民，这意味着，20年后这95%的财富不再是中国人所有，那是，中国还有什么？数亿老人+一片被污染的山川河流+地底下没有资源的土地！（,1,0.003970645898847407,-0.0014439984558628411,-0.004651162790697674,0.004651162790697674
【韩媒称中国裁判越权举报朴泰桓犯规 暗示其被黑】孙杨在今天男子400米自由泳预赛中以3分45秒07排名第一晋级决赛，他的劲敌韩国的朴泰桓因犯规被取消成绩。事后韩国媒体调查称：中国裁判本负责的是朴泰桓右手的泳道，负责朴泰桓的裁判是英国人，但赛后中国裁判举报了朴泰桓犯规。,0,0.0033957178619126753,-0.001979277294394108,0.0,0.0
【苏州遭持刀抢劫女子已无生命危险】今天（10月6日）晚上7点半左右，一名女子在苏州人民路东二路附近一停车场上车时，遭遇持刀抢劫，下巴和大腿各中一刀。据了解，女子之前从附近某商场出来，行凶男子也是从商场一路尾随至停车场行凶。女子的丈夫说，妻子确实是去那边的商场购物的,0,0.003691079053328923,-0.0038305027090061615,0.0,0.0
【消息称蜀中制药涉嫌用苹果皮做板蓝根以降成本】蜀中制药涉嫌用苹果皮制作板蓝根，以降低成本。该公司一位文姓副总证实了以上消息，称目前已停产1个多月，最终处理结果要等省药监局的正式文件。蜀中制药缔造者安好义曾表示，金杯银杯不如老百姓的口碑，只做老百姓买得起的放心药！,0,0.003645674274213923,-0.0004416762079418646,0.005333333333333333,0.005333333333333333
梦想，不会欺骗任何人。欺骗我们的，是无限膨胀的欲望。争强好胜是天性，不服输的年纪里，每个人都眼高于顶，于是梦想回报你的是一次次鼻青脸肿。梦想与现实较劲的过程中渐渐发现：成熟是摔出来的。 —— 苏芩 晚安！,0,0.0031675859943122945,-0.0006605055423619968,0.013333333333333334,0.013333333333333334
【马国明否认暗追胡杏儿】TVB情侣档胡杏儿黄宗泽分手后，有关两人的传闻不断。日前，港媒又曝出马国明暗恋胡杏儿多年，最近因合作新戏《恋爱季节》对胡杏儿展开追求攻势。对此，马国明在拍片现场作出回应，澄清两人的绯闻纯属谣传。详情： 视频： （新娱）,0,0.0034119850785092032,-0.0020404700419609525,0.0058823529411764705,0.0058823529411764705
[话筒]【紧急通知】新版假币又来了!千万不要上当了，果断转给身边的朋友吧~ By曼布网,1,0.0035908579005966305,0.0015941025693158748,0.0,0.0
英国一摄影师捕捉到一印尼男子被洪水冲走的最后一刻！男子向镜头摆出了人生最后一个手势，以示对摄影师的尊重，对自己生命的畏惧。。震撼。。。 [转],1,0.00211021762755311,-0.0006530152948771148,0.01818181818181818,0.01818181818181818
李天一涉嫌强奸罪被批捕。李的76人律师团领队、法律大学副校长张爱国对媒体表示，【李天一因是第一个与被害女子发生关系，所以不构成轮奸罪，】只是以判罚较轻的强奸罪批捕，这是律师团所有成员共同努力的结果。真是将门无犬子啊。不知李将军参加两会没?有什么好提案?,1,0.007093030225177925,-0.00026138416581487716,0.0,0.0
今天终于亲眼见到了城管暴力执法，真是往死里打啊！一群年轻力壮的城管围殴一个板车小贩，而且下死手，根本不管是不是要害。发博当事人还称：地点就西直门。我手机差点被砸。网友吐槽：这两天已经被城管黑的，无力吐槽了，这到底是一个什么样的组织！！,1,0.003597942460554571,0.002856075535305874,0.0,0.0
[蜡烛]尼古拉斯·凯奇（Nicolas Cage，1964年1月7日－2013年1月17日）2013年1月17日(北美时间)因滑雪意外丧生。新闻链接：,1,0.0032765160905759475,-7.895588424556978e-05,0.0,0.0
他是距离唐山仅65公里的青龙县委书记，1976年唐山大地震前夕，他顶着摘乌纱帽的风险拍了板，向全县预告地震灾情。7月25日，青龙县的人几乎全被赶到室外生活。7月28日，唐山全城毁灭，死24万人以上。青龙毁坏房屋1.8万间，完全坍塌7300余间，万幸！47万人无一伤亡。他用权力救了47万人！他是冉广岐！转,0,0.0036872327062403595,0.002557026753088435,0.0,0.0
故事应该是这样的：投毒嫌疑人林森浩的本意并不是毒杀黄洋，而是同舍的另一人姜成，他曾于2012年在百度注册名为“诛姜成”，并提了很多关于有毒化合物的问题，他的本意应该也并非直接投毒致命，而是小剂量缓慢的让他中毒，最终致死，却不曾想放错了剂量，并误杀黄洋，最终造成惨剧。,1,0.0039239337661170345,0.0024334379908180583,0.0049382716049382715,0.0049382716049382715
【反腐女侠】赵红霞，山城弱女子一枚，在过去12个月的时间里分别和雷政富、彭智勇、范明文、罗广、韩树明、粟志光等11人走完上床、拍片、捉奸的流程，一举睡翻六厅级干，频引重庆官场地震，为反腐立下“奇功”……强烈呼吁有关部门授予赵红霞同志“反腐女英雄”的光荣称号[转发] [膜拜了],1,0.0033501752658259953,0.0004981763864772846,0.0,0.0
【我们不知道的俄罗斯】1.住房不收费：人均18㎡以下无偿转给个人，18 ㎡以上部分也只收很少钱。2.用水没水表：自来水、热水从不收费。3.看病不花钱：手术、住院、治疗免费，只收药费。4.教育倒贴：上学免费，还免费供应一顿早餐或午餐。5.失业要批准：企业须提前3个月向国家申请批准后方可解雇员工。,1,0.004401341773090352,-3.1329733639236245e-08,0.0,0.0
这几天开始爬overhang了，爸爸太贪心了，前几天不但把岩壁变成负１０度，还把好多点都转到难抓的方向了，搞的我都不愿意爬了。今天他突然良心发现，把好点都还给我了，这样爬起来才爽！,0,0.0023226517132159522,0.0005674960125860642,0.0,0.0
灾难片《先知》，动作片《勇闯夺命岛》，暴力片《变脸》，场面片《遇见未来》，战争片《风语者》，情感片《恶灵骑士》，爱情片《天使之城》，经典片《国家宝藏》，惊悚片《世贸中心》，悬疑片《8毫米》......，这些都成了记忆，刚才消息：偶像尼古拉斯·凯奇于美时1月17日滑雪意外丧生，人生定格49岁！,1,0.0033027426167165468,0.0004073626121274426,0.0,0.0
畜生王云刚江苏省检查院培训中心副处级干部车祸撞死人不屑一顾丧尽天良，处理交警冷血！,1,0.0017298964237570393,0.0059678243624954365,0.0,0.0
好多人问我关于健走是啥？为啥走路要拿个手杖？手杖怎么用？大家看这里吧：《越野行走杖教学片》,0,0.0020446196134241753,0.00408524255234027,0.0,0.0
【耶鲁大学校长：中国大学是人类文明史上最大的笑话】 曾任耶鲁大学校长的小贝诺•施密德特，日前在耶鲁大学学报上公开撰文批判中国大学，引起了美国教育界人士对中国大学的激烈争论。,1,0.002845885387816802,0.0003724559203930811,0.00909090909090909,0.00909090909090909
"哪天去看看。 ，坐前投币,钉子就会下去.....",1,0.001,0.001958055567022929,0.0,0.0
请立即停止使用微波炉：去德国的确看到他们国家的家庭中几乎看不到微波炉，大家都知道微波炉的危害之大，所以都不用，女儿告诉我不要再用了，我还不当回事，习惯吃热饭，又懒得蒸，看到下面这篇...,1,0.0029500296845386405,-9.625604831638206e-05,0.0,0.0
求证：【中国红会——你凭什么购买这么多路虎】一种无耻可以肆无忌惮！一种诈骗可以正大光明！一种抢劫可以毫无顾忌！一种挥霍可以明目张胆！一种贪污可以合情合理！——最后，一种法律对它视而不见！一个国家的慈善机构，贪婪到连慈善捐款都不放过，你们真是穷凶恶极了吧！企鹅的刀手们，我们来比赛。,1,0.0029875155055789485,0.003200033766476127,0.0,0.0
河南漯河房管局副局长枪顶记者头问“要不要一枪打死你”？ 局长说，下次再敢来采访一枪打死你。哎，在中国做记者。。。,1,0.00257275167587332,-0.0027206401428021693,0.0,0.0
这一瞬间。。。秒杀。。。。。起范儿了。。。。飘柔。。。就是这么自信[啦啦啦啦],0,0.0019911534648683377,0.007762912867961393,0.0,0.0
【央视员工爆料：广西惊现帝王局长】中国记者杨慧峰： 广西都安民政局长黄某一个人吃着509份底保，九套房子，6个老婆。三老婆刘茹跟人偷情被局长打，不服，报料：各位后宫电话：江素：15078554853黄鹂：18777887596张晓：15078070889阿萍：13478865543丽丽：13877860659第二轮反腐开始，大家速速顶起,1,0.003276447083061063,0.0003132877392303742,0.0,0.0
央视4台《今日关注》，胡总已下令，如果日本有闯入钓鱼岛及其附属岛屿12海里以内，中国海军部队可以立即向其进行军事打击。昨日政府发声明宣布中华人民共和国钓鱼岛及其附属岛屿的领海基线，此举意味着不再承认钓鱼岛存在主权争议。总理讲话：中国政府和人民绝不会退让半步！是中国人就转！,1,0.00416846938172931,0.00041125245542632076,0.0,0.0
网传台湾前领导人 前国民党员 李登辉因心脏病去世！记得以前特别痛恨他，后来才发现原来真正阻碍两岸统一另有其人（我什么也没说）！他从支持统一到支持独立，这只不过是在维护台湾的利益罢了！虽然不同意他某些做法置！但仅其出发点而言，他已经比他对岸那些同行们优秀太多了,1,0.0036676980522768444,-0.003149290075634395,0.0,0.0
据说这是广东经典名菜：三叫。刚出生的老鼠仔，直接生吃！当筷子夹起来的时候老鼠仔会叫一声；沾酒的时候会再叫一声；送进嘴里的时候会再惨叫一声！！想不想试试？（绝对重口味，大图慎点）,1,0.0027339366766065895,-0.0008916055045553902,0.0,0.0
孩子啊，妈去街上卖点山竹，挣完钱了给你买点肉吃吃，娘知道你一星期没吃到肉了。”重庆一妇女对她孩子说。孩子开心回答：“好啊，中午我在家洗菜淘米，等你回家来烧饭哦” ——想不到半路上遇到城管执法把她推下台阶！竟成了永别！旁边的小贩说，这名妇女卖水果辛苦拉扯3个孩子,1,0.0032112515276986374,0.002037706059357141,-0.01348314606741573,0.01348314606741573
开火了？这是真的吗？[思考],1,0.001,-0.000675837397019077,0.0,0.0
感动又被萌翻，地震发生期间一位警察救起了一只压在木板下的一只大熊猫当警察准备离开时熊猫死死地抱住警察叔叔的腿。如果你感动了，请转发一下把。地震无情人有情，为雅安祈福。,1,0.006874448675526079,0.0001889343692524581,0.01568627450980392,0.01568627450980392
我是说为什么文章“周一见”道歉声明辣么眼熟... -,1,0.0017314310728136905,-0.0011971211706994572,0.0,0.0
【特供瀑布】中国最大的瀑布——黄果树瀑布，早就没有多少水了，但只要大领导一来，瀑布还是气势磅礴。原来上面有水库，可以开闸放水。这年头，竟然连风景都有特供！！【转】独特视角，特别观点,1,0.0027526795216570045,0.0028252577071049474,0.0,0.0
23点，品味夜视觉：▲武汉“城管革命”考核纳入交通秩序，私家车乱闯红灯、行人乱穿路口将被抄告至单位或社区。如此惩罚，是否确有必要？▲上海大学取消接迎接新生班车，引导新生乘坐公共交通报到引发热议，“独立性”应当是大学教育的第一课吗？,0,0.0029836209735434934,-0.0025664360761512074,0.0,0.0
【麦当娜当着儿子的面脱衣自摸】麦当娜大前日于洛杉矶开演唱会，特别的观众应该是麦当娜七岁大的养子大卫。不过当晚麦当娜表演依然毫不避忌，除了与男舞蹈员跳贴身舞外，又于台上自摸，更即场于台上除去外衣长裤，只以黑色蕾丝内衣裤及鱼网丝袜于台上献唱，期间更露股娱宾！,0,0.0026541988003057956,-0.0001401208616538937,0.0,0.0
“亲爱的，我等着当你的伴娘，已经等了这么多年了，你什么时候才能嫁出去呢？” ——看到这话 你最想@ 给谁？是婚纱控就关注,0,0.0022318630686541025,-0.0018191762324788225,0.0,0.0
【腾讯将打包所有电商资产入股京东 占股16%】消息称腾讯入股京东已经尘埃落定，腾讯将旗下的所有电商包括易讯打包都给京东然后在投点钱，获得京东16%的股份（具体数还不确定）。消息称京东和腾讯将在下周一要宣布这一重大的消息！目前京东的人已经开始入住易迅各大长裤开始清点资产。,0,0.0037103398961010263,-0.0010512017548624333,0.0,0.0
【北京5名大学生出租房内身亡，疑似煤气中毒】4日上午8时30分许，在北京朝阳区樱花东街一居民出租房内，5名哈尔滨医科大学（大庆）大学生被发现疑似煤气中毒，不幸身亡，5人生前在北京中日友好医院实习。有不少低收入人群使用煤气采暖，保障通风切不可掉以轻心。（记者万一 卢国强）,0,0.003442793970291869,-0.00033051489746461983,0.0,0.0
真正的遗忘是多年以后，不小心提及你，仿佛说着别人的故事。 [叶子]晚安。,0,0.0022319145367566094,-0.003242090846957812,0.0,0.0
【紧急发布】[话筒] 刚收到家长私信：“我实在没粉丝，请各位名人与好心人帮忙转发一下。刘皓曦，男，三岁3个月，9月1号在陕西渭南北关村被拐！家里非常着急，求大家把照片转下去，发现线索马上与他爸刘成恩18691963447联系，10万寻子！你每转发一次，都有可能带给他一次希望；举手之劳，好人有好报！,1,0.005378234638961093,0.002395979757590447,-0.008695652173913044,0.008695652173913044
【顾客逗留不去是星巴克中国扩张一障碍】中国大陆顾客太爱这些店了，他们一个小时接一个小时的坐着，有时甚至一杯咖啡也不买。星巴CEO克舒尔茨向路透社表示：“十年来，中国大陆星巴克的核心顾客一直是在华工作的外国人和境外游客。毫无疑问，今日的核心顾客是中国人。”,0,0.003488757352777924,0.0027806863897267236,0.0,0.0
然后Marcel这孩子一个激灵 发现一只手在拿花 一只手在搂着腋毛sama 怎么才能拿牌子呢？ 然后...三个人都为这二货笑了,0,0.002103839362264296,-0.0009242420831028201,0.0,0.0
【川式怪味手撕鸡】鸡胸肉洗净后放锅内倒适量水，放姜煮开，撇去浮沫，中火煮至鸡肉熟透捞出晾凉；香葱切细丝，姜剁成蓉；鸡胸晾凉后，用手撕成细丝；在撕好的鸡丝内，调入红油25ml、盐4克、糖5克、醋10ml、花椒粉5克、姜蓉、香葱、鸡汤10ml拌匀即可。,0,0.001655353184288835,0.002142696012509374,0.005063291139240506,0.005063291139240506
你身处什么样的圈子，你就会遇到什么样的人；你结交了那些朋友，你脾性也会慢慢接近这样的人；你处在什么位置，站在什么高度，决定了你是怎么样的视野；内心多大的格局，你就可以看到多大的天空。你没有碰到你期望的人，是因为你还没有准备好你自己。,0,0.0025808545575322197,0.0007337196512805991,0.005128205128205128,0.005128205128205128
王思想: 【他爸真的是李刚】河北“我爸是李刚”案件主角李启铭已出狱。原本被判六年，真实服刑不过2年半。,1,0.002073754652661613,-0.0029336805789636346,0.0125,0.0125
各位粑粑麻麻们注意啦焦点访谈已播出，可口可乐承认旗下(果粒橙)含有美国禁用农药「多菌灵」，多菌灵可致脑麻痺、肝脏腫瘤等癌症。多对脑部影响最大，可引致局部麻痹，并会导致癌症不要给孩子们喝这种饮料。,1,0.003417753904637228,-0.001593022374531005,0.006557377049180328,0.006557377049180328
【雅安地震】自救方法！！ 紧急提示！！在没有医药的情况下，在患者伤处敷很薄的生土豆片，可以快速使伤口愈合、消肿，而给患者喝生土豆汁也可以快速补充能量，促进康复。请帮助扩散给灾区朋友。via,1,0.0040114913266493515,0.0005872996969390957,0.0,0.0
6月19日问答题：图中被遮挡住的内容是什么？转发+评论，附上15:01分之前回答正确的玩家，将送上奖励！每次每个ID只限参加一次！,0,0.003219839623022047,0.0009370078057479034,0.00975609756097561,0.00975609756097561
【葱油花卷】很多小姑娘都爱吃葱油花卷，因为它不管是名字，还是卖相，都让人觉得很清新。一个配料极其简单的花卷，其实内藏精致还有繁复。花卷是捏出来的，每一层都要有葱花，每一层都是独立的一层。花卷要一层一层撕着吃才有意思，每一层都能看见错落的葱花，每吃一口都能感觉到香味，咸味和鲜味。,0,0.002845184144283757,-0.0037827429592769764,0.0,0.0
发完信息后，第1分钟觉得他在看；第2分钟觉得他在回复；第3分钟检查自己有新消息没；第4分钟想他为啥回复那么慢；第5分钟安慰自己说他没看到；第6分钟收起手机等待；第7分钟掏出手机看，以为过了很久；第8分钟开始灰心，觉得他不会回复了；第9分钟好心情完全被破坏…对在乎的人会不会这样！（转）,0,0.0026432489272954795,-0.0011598431518807214,-0.00392156862745098,0.00392156862745098
通过长达十天两会的召开.新的婚姻法中规定 男女双方只要年满18周岁就可以结婚.并不是之前女方满20周男方满22周才可制成婚约.如今结婚证是国家级证书.高考时还可加3学分.现在在大学期间结婚.学费还可减半;跨民族结婚 生一个孩子奖励一万.好完成那些早婚人的梦想. 中共18大开完。亲。 我们结婚吧。[哈哈],1,0.0035645471180602824,0.0011336286059061387,-0.004347826086956522,0.004347826086956522
"摸奶节是云南双柏县鄂家镇彝族传统文化就是农历的7月14日、15日-16日三天，包括外来游人,如果在街上遇见喜欢的女子，都可以摸一摸女子的胸。姑娘们表面躲躲闪闪，但决无责怪之意因为这是他们这个地区的百姓延续了1000多年风俗。小伙以摸到奶为吉祥，姑娘以被摸奶为幸运和祝福![花心]",1,0.003830156332042853,0.0008272788108935272,0.0,0.0
披露中国的贪官:今天有两个中江县红十字会的人来我们这里购买了1万多元的救灾药品，要求开5万多元的发票。我们（成都制药一厂）没答应，结果由隔壁通化一家药厂经营部开给他们了。强烈谴责中国红十字会，并要中国红十字会对所有捐款去向做出解释，我们的捐款不是让你这样贪污的！,1,0.0036918726938118605,0.004671709716368959,0.004324324324324324,0.004324324324324324
我只能说我有留一手[哼] 我在:,1,0.001,-0.010757179626627039,0.0,0.0
【你好，明天】年，一天天近了。在奔波的路人心中，家就是一扇门、几间屋。可对房姐、房爷来说，门有几多、屋有几何？人不能和人比，可制度应平等对待每个人。改革收入分配，政府不能简单切蛋糕，更要致力于公平规则的建立。公权一旦成为特殊群体的利益垄断工具，将肥了少数人、苦了天下人。安。,0,0.003224939182437941,0.0005217887100961722,0.0,0.0
司马南:中堂大人，马关、中法条约都是您签的字，伊藤博文对您的评价甚高，国人据此说您是卖国贼，您有何感想？ 李鸿章:中国是一个又老又破的房子，我只是一个裱糊匠。 司马南: 镇压太平天国总是历史罪过吧？ 李鸿章:江苏巡抚，又兼通商大臣，这活儿只能我来干。,0,0.0025681949453464164,0.003180802813254619,0.005194805194805195,0.005194805194805195
【猫肉违法！】自2007年12月1日开始执行的中华人民共和国卫生部《新资源食品管理办法》中猫属于界定中的第一项无食用习惯的动物，猫拥有不被食用的合法身份。只要用途为食用，猫无论在运输还是屠宰过程都是违法的，拦截后可要求价值的10倍赔偿 ！！新资源食品管理办法全文链接：,1,0.00784990044700354,-0.0028424154975917565,0.0,0.0
她是美国人，却有着拳拳中国心。她很柔弱，却有着无坚不摧的力量。“1937年，南京人的血染红长江...”但她发现西方竟不了解这段历史。25岁，她历时3年完成轰动世界的《南京暴行》，并发现《拉贝日记》《魏特琳日记》。此后，成为日本抨击对象。04年抑郁症自杀，终年36岁。张纯如，唤醒历史的伟大女性。,0,0.003453810713848345,0.0001074126154122713,0.0,0.0
【楼管阿姨背学生趟水上课】据 报道：昨天下午2时许，在华中师范大学武汉传媒学院，2号教学楼楼管阿姨吴秀莹看到很多学生着装不方便，于是放下手头的清洁工作，来回背送6名学生到教学楼上课。吴阿姨说：“学生也挺不好意思的，我也是有孩子的人，理应照顾这些学生们。”,0,0.0032102450049193757,3.823411136003228e-05,0.0,0.0
有一天，这些都会过去的，想到这结果，我就欣慰……再怎么累死人的爱，再怎么累死人的恨，都会过去……失眠、被冤枉、塞车、太穷了，都会过去……被轻蔑、被迫说谎、被迫承认自己改变不了什么，或者，长得不好看，都会过去……——蔡康永,0,0.00268043070588173,-0.0011422780192373663,0.0,0.0
琴声在稳重矜持的旋律下缓缓歌唱，为了蓝天，为了清风，为了午后的阳光和森林，为了微风轻送的隐隐钟声和钟声中流传已久的幸福，这就是【卡农】。。。。.,0,0.0017471382994985664,-0.002013470046215482,0.00851063829787234,0.00851063829787234
李盟盟，21岁，河南开封县陈留四中学生，今年高考565分。因县招办失职把她的志愿申请锁在柜子忘了提交，造成任何大学都上不成。河南省高招办回应，此事不予处理！李盟盟是农村孩子，为供其上学妹妹辍学打工，父亲打工摔断了腿。你的一次转发也许就能帮她改变命运！试试能否创造奇迹！,1,0.004558544554404154,2.551014607690663e-05,0.0,0.0
[威武] 退出央视春晚后，将携众弟子南下，加盟江苏卫视蛇年春晚。此前已确认 也将参加江苏春晚。[给力]2013年，“赵家班”和“德云社”终于会师，两家pk，你支持哪家呢？[江南style]想必当晚一定很热闹！详情,0,0.003398481883469738,-0.0008531950378810589,0.006349206349206349,0.006349206349206349
MZ-劳苦大众: 图片女孩叫刘爱玲，她家被政府强拆，父亲因此上访而被打残关进黑监狱！最后她不得已上陕西省上访，在。上访路上竟被政府抓回来永寿县，最后被陕西省永寿县司法局长杨志斌和手下轮强奸，她感到痛苦绝望而最后跳楼自杀。她人死了，难道正义的呼声也随她而去？不！正义转发！,1,0.004020766496833567,-0.001089847331711465,-0.004878048780487805,0.004878048780487805
[耕读]设想在北京北边郊区如海淀或昌平，找一个风景美丽、空气清新的村庄，若干读书人租住民房和耕地，过传统耕读生活？大家以为如何？有此意向的，可跟贴附议。,0,0.00280556910933903,-0.002091778674825011,0.00851063829787234,0.00851063829787234
40分钟的生命权值多少钱？美国一死囚执行死刑前，照例大吃一顿。这家伙吃了大餐还喝了红酒，没想突发脑溢血当场挂了。比执行死刑早死了40分钟。其亲属因此状告监狱：救护不力，明知高血压还让喝酒，让死囚丧失了本应享受40分钟的美好生命。官司赢了。40分钟的价值是350万美元。,1,0.0029728929056833746,0.0005519498104648563,-0.004819277108433735,0.004819277108433735
【扫图】德国Koneko杂志韩娱特刊KBang~ ~~~ 写的关于SHINee的报道出来了呀 【转载请注明出处！谢谢配合！】,0,0.002441822656490861,0.0022714533268954305,0.0125,0.0125
还是宅在家里好了！！！[可怜] 「via：粉泡泡YUKI」,0,0.001728619116911341,0.004667258734343045,0.021052631578947368,0.021052631578947368
【处女座的五大缺点，你有吗？】No.1、胆子太小害怕恋爱；No.2、杞人忧天胡思乱想；No.3、唯唯诺诺没有自信；No.4、喜欢吃醋容易嫉妒；No.5、情绪化又容易歇斯底里,0,0.0022803873664328372,0.001109214385914108,-0.009523809523809525,0.009523809523809525
有这样一群人，他们分不清动车和高铁，他们不知道什么叫化合物，他们不懂律诗和绝句有什么区别，他们不认识F-16战斗机和虎式坦克，他们不知道金卢布有多贵，他们不知道延安整风都有什么人，他们不知道汪兆铭是干什么的，他们没见过刑讯椅，他们甚至不知道9月有几天——但是他们自称是知识分子。,0,0.002094596775876073,0.004775434943693175,0.0,0.0
他没死 已经抢救过来了 昨天说死是因为当时当地人看到爆炸很厉害才说不会活过来 还有媒体没有确认之下直接说明他死了 。但他今早发表声明说自己还活着 还让影迷们别太早为他办葬礼之类的话. 活着就好了. 反正活过来了 这是奇迹.还说速度还在激情也在。这伤口看着真心疼[流泪],1,0.003639140821180561,0.0017633424234671433,-0.005,0.005
【日本首相对中日在联大交锋表示遗憾】日本共同社报道，日本首相野田佳彦28日在博客上就中日两国在联合国大会就钓鱼岛问题展开交锋一事表示遗憾。野田称，日本在阐明主张的同时着眼大局，冷静应对。野田还说，联大不应就领土问题个案表达本国立场，他对中国外交部长杨洁篪在发言中提到钓鱼岛表示不满。,0,0.0034260655184387904,0.0021598977188562614,0.0,0.0
对付疲惫：睡觉。对付恐惧：睡觉。对付感冒：睡觉。对付饥饿：睡觉。对付失恋：睡觉。一觉治百病，一觉平天下，专注睡觉二十年，睡觉！值得信赖~,0,0.0017914671117287024,0.010605383405167597,0.0,0.0
请玻璃心朋友不要动不动就说这是虐狗好吗 这是与宠物的互动和服从性的训练 行啊你家狗狗不训练天天满屋子给擦屎擦尿出去溜达撒手就没半夜乱叫见人就吠就是爱宠之人了我给你点个赞[嘻嘻]我上次看见 转发了个狗主人在狗头上放了个鞋子的图就被批判了 玻璃心伤不起啊[泪],0,0.0029575619698669476,-0.0006078577483888431,-0.009302325581395349,0.009302325581395349
有多少人小时候年少无知地认为，列宁是一个姓列名宁的中国人？,0,0.001,0.008286209963740137,0.0,0.0
JFC的VTR，內容是年末控，DB，豆芽的告知，時間比較短。最初光一先生比剛先生高半個頭有驚到XD 兩人還是和以往一樣一邊說一邊撞來撞去。,0,0.0014132056216741443,0.0005196538188060902,0.0,0.0
即使土地被野火烧得一片焦黑，一场淋漓的大雨过后，依然会有无数勇敢的花冒出头来。种子虽弱不曾死，希望微小一直在，这就是活着的意义。,0,0.0029891324299992617,0.0011773607174487967,0.00975609756097561,0.00975609756097561
早安各位，今天对法国和法国人民来说可是个大日子，在这里的很多朋友大概都会知道，7月14日是法国的国庆节。1789年的这一天，巴黎人民攻占了象征封建统治的巴士底狱并推翻了君主政权。1880年，7月14日被正式确立为法国国庆日，法国人每年都要张灯结彩隆重纪念这个象征自由和革命的日子。,0,0.003343415582230265,-0.0004994630274529704,0.004819277108433735,0.004819277108433735
"雨雪交替，整个城市湿漉漉的，雨伞成了必备，雨靴也要添置。上午英语学校，中午专题讲座，下午图书馆、口语训练课、应酬只能在晚上,返公寓大量作业。时间衔接以分钟计，行走匆匆，哈佛节奏。即使如此，见到活泼小家伙，忍不住停留片刻，然后拔腿就跑...",0,0.003456480905199136,-0.00025296368072520964,0.0,0.0
锤子科技将完成1.5亿元B轮融资，5月底锤子手机将正式面市 | 据投资界消息，锤子科技即将完成1.5亿元B轮融资，目前仍有投资人在进行出资谈判，最终的投资金额将于下个月正式披露。本轮融资后，罗永浩那款人文范儿的锤子手机终于要出炉了，将于5月20日正式对外发布。 by,0,0.0036065935775377845,-0.004160393436119901,0.0,0.0
【帝都是怎么了？[震惊]】,1,0.0,0.002749652994992548,0.0,0.0
上佛下智长老于公元2012年7月30日（佛历二五五六年六月十二日）21时52分在应天寺安祥示寂。世寿109岁，僧腊97年，戒腊89夏。谨定于公元2012年8月6日15：00在应天寺举行追思法会，17：00举行荼毗法会。2012年7月31日22：30起至8月6日15：00止，接受佛教信众和社会人士吊唁。,0,0.002389674212818839,-6.356823500511923e-05,0.0,0.0
下班贴！发一张家门口狗狗的照片，这狗狗以前是流浪狗，被城管打掉了一只眼，它每次出来，别的狗害怕它脸上的伤疤，都不和它玩，它家主人为了让它有自信给它呆了个墨镜！呵呵！,0,0.0029985124250039965,0.0021176447512638277,-0.007017543859649123,0.007017543859649123
朋友说他有一个存钱罐，存了好久好久终于存满了，还说搬不动，让我帮忙和他一起去趟银行，我心想你得瑟啥呀，不就一罐硬币么，这么大张旗鼓的，于是我就去了，后来我又叫了个人来，三人一块去了。。。。。「转」,0,0.00282053172122827,-0.0004651241434772484,0.0,0.0
"【韩媒称《江南style》有科学成分 治疗精神患者】此歌近来成为全球追捧的热门歌曲.韩媒称,这首歌不仅凭借欢乐元素风靡全球,其内在更有“科学”成分:""它通过简单的重复节奏刺激身体反应和自律神经系统.用它对精神科患者进行音乐治疗后,他们轻松自在、开心大笑并晃动身体”....""",0,0.003709700788113055,-0.0037123751276740913,0.010526315789473684,0.010526315789473684
官员正襟危坐居于首席不苟言笑，几个文化界的名人在那里谈笑风声，中间必然会有几个女明星女模特或者影视院校的美女大学生在那娇小陪酒，最后还会有几个在下面谄笑的商人等着最后结账。而老板们的吃请，既能和富商巨贾拉拉关系，又省的被网民围堵指责“三公”消费，还能摆摆官威，何乐不为。,1,0.002179778945507517,-0.00019870400140558947,-0.005194805194805195,0.005194805194805195
SONY都会破产？这...这...这！[抓狂] 我在:,1,0.0,0.0028421792990503923,0.0,0.0
父亲去上海解放军455医院（上海市长宁区淮海西路338号）看病，张建华医生治疗态度恶劣，声称不配他的高价中药（甲亢灵10盒卖1千多），就不给配药治疗，被我们拒绝之后恼羞成怒将桌上所有东西砸向我，如此丧尽医德的医生，不替他宣传一下对不起人民。“另附照片一张”via SEAN-MB,1,0.004314229154967603,0.0020574839903087505,0.0,0.0
《摸着石头过河》读后感：《摸着石头过河》读后感 文∕张令凯 知道杨石头此人两年多了，源起2010年偶然一次看央视教育频道《职来职往》节目，当时自己对职场之路亦异常迷茫困惑，于是对这个节目... （使用新浪长微博工具发布 ）,0,0.0035434318680917765,-0.002914865235476306,0.014035087719298246,0.014035087719298246
"联通WCDMA到底有多快？原来比电信和移动快5-10倍！部分地区快20倍！！中关村在线在北京六地点实测3G速度：王府井和东单，联通:电信:移动=10:0.5:1；东三环世贸天阶,联通:电信:移动=10:2.2:1.4；东五环远通桥，联通:电信:移动=10:0.9:1.2……中关村在线",0,0.0029646253790634822,0.001992057414200615,0.0,0.0
【促进孩子品行高尚的8句话】1、品德比分数更重要。 2、诚实是做人的第一美德。 3、竞争中的公平最可贵。 4、凡事都要问一问自己的良心。 5、要学会说一声：谢谢。 6、你知道关心父母，这让我很开心。 7、我很高兴你有一颗同情心。 8、我希望你是个懂礼貌的孩子。,0,0.0034045902124935946,0.0023951532119010606,0.02247191011235955,0.02247191011235955
紧急通知：大家千万不要再买樱桃：今年樱桃里寄生了一种蛆虫 几乎100%的樱桃里面都有。实验方法：找最好看最新鲜的樱桃 放透明玻璃杯中倒进水去后放点盐，大约2分钟就会看到这些蛆虫从完好的表皮往外钻（刚刚我自己亲子试验 真的出蛆虫了 后面两张图是我自己拍的 吓坏我了 大家告知自己的家人吧 扩散,1,0.003996026580871473,-0.000880559566908932,0.0,0.0
【蒙牛——用心生产牛奶】当我们2月30日在休息的时候，蒙牛依然在生产着优质牛奶！蒙牛——专业专注 中国领先的乳制品制造商,1,0.00257280540853243,-0.001292586086368525,0.0,0.0
一定不去电影院，大家一起为《贞子》票房为零，做努力！ 中国人拍的《金陵十三钗》在日本小鬼子票房为零。小日本拍的《贞子》3D将于5月12日在中国大陆上映。而5月12日既是南京大屠杀纪念日，又是国难日。勿忘国耻！！作为中国人，敢不敢让贞子3D 5月12日票房为零。 朋友们，必须转起转起！！！,1,0.00348840206619373,0.003560301352274614,0.0,0.0
由Kunal Nayyar参演的CollegeHumor网站原创搞笑视频：。Kunal在片中饰演一名成人网站的客服。提示：本片涉及成人话题。 [嘻嘻] PS：这是Kunal2010年的作品。CollegeHumor网址：。这样的网站没被河蟹真是万幸啊。,0,0.002223130010142262,0.002120050702796528,0.0,0.0
【李登辉今天凌晨心脏病复发身亡】台北快讯：原国民党、台联党主席，有“台独教父”之称的李登辉，与今天凌晨在其家中因心脏病复发抢救无效死亡。,1,0.003388053128876344,-0.0016901176472738785,0.0,0.0
“对不起啊！”“呜呜。。。”“求求你别哭了。”“呜呜。。。”“迪，我们不求天长地久，但求曾经拥有，行吗？”“呜呜。。。”“我知道你很伤心，对你不公平，可是。。。”“呜呜。。。”“我永远爱你。。。”“呜呜。。。”“老公，吃饭！”“来了！”文某赶忙关掉手里的电吹风，从洗手间走了出来。,0,0.0023407854960782464,0.0005473855314588461,-0.003703703703703704,0.003703703703703704
请别把我当傻瓜，有些事不是我不知道，只是我看在眼里，埋在心里。很多时候，宁愿被误会，也不想去解释。信与不信，就在你一念之间。懂我的人，何必解释。,0,0.002278363077741581,-0.001273840312518079,0.0,0.0
【请记住：轮奸要第一个上！】李双江之子李天一涉嫌强奸罪被批捕。李的76人律师团领队、法律大学副校长张爱国教授对媒体表示，李天一因是第一个与被害女子发生关系，所以不构成轮奸罪，只是以判罚较轻的强奸罪批捕，这是律师团所有成员共同努力的结果。记住啊，轮奸要第一个上！,1,0.0068388711847818355,-0.0012563155794925213,0.005194805194805195,0.005194805194805195
FBI今日机密情报④【男生失踪9天后遗体被发现只剩骨架】据报道黄埔石化中学初一2班周小龙离奇失踪9天后终于被找到。遗体在他回家路边的小山包上被发现，全身皮肤肌肉器官荡然无存，仅剩骨架及一点残留的头发，校服却完好穿在身上，手段残忍离奇让村民感到恐慌。目前黄埔警方正在抓紧侦破此案（转载）,1,0.0037566738891207352,0.0003324823983592641,0.0,0.0
"【地球都哭了！！请为一个喊冤的老妇人转发！】20日河南洛阳,57岁的妇人孙爱云脱光衣服站在法院的车上喊冤。20年前她的弟弟被杀害,凶手至今逍遥法外,她自己反而因告状而多次被拘留劳教。 ——是什么！让一个普通公民被逼用撕破自己尊严来抗议不公！？[泪]有心者,请您帮她转发扩散下",1,0.0032576957437458996,-0.0009365298051927155,0.0,0.0
【出来混迟早是要还的】那个MH370的黑匣子不是被探测到在南太平洋4000到6000米的海沟里嘛？当我听到这个消息的时候马上就兴奋了起来，因为我依稀记得蛟龙号第五次下潜最大深度达7062米。那搜这个黑匣子还不是小意思吗？刚想 突然发现蛟龙成了乌龙了微博都被删光了一刚！（转）,1,0.0042454456464912586,-0.0030767245825593912,-0.0049382716049382715,0.0049382716049382715
迷恋这所有色相中最能发光的色彩，黄色代表希望，给人清澈明亮。也许我们都是一只小鸟，张开翅膀，向往美好生活。——分享自杂 志【最爱美美暖暖的黄】>>>链接：,0,0.0029736300600103453,0.002644632737934644,0.00816326530612245,0.00816326530612245
【微型花园】里面的多肉都是真实的哦。微缩小景总是给人意外的惊喜！太赞了～[心],0,0.0019981331266708674,-0.004009340132690722,0.013793103448275862,0.013793103448275862
在今天的记者招待会上，总理回答完一位日本记者的提问后对他说：“麻烦你跟你的同胞说一声，钓鱼岛是中国的”。日本记者说：“至少在地理上，钓鱼岛离日本更近”，总理淡淡地说“在地理上，日本离中国也很近”。日本记者冷汗满面，全场肃静了一会继而掌声雷动。转发给20个好友会被新浪加为会员！,1,0.0030864581146894596,0.00046487467209003244,0.0,0.0
为大家整理了一下驾驶证新规：2013年1月1日施行：1闯红灯，记6分罚100元。2酒驾，5年内不得再考取驾照。3不系安全带，记3分罚100元。4副驾不系安全带，记1分，罚50元。5行驶途中拨打手机，记3分罚100元。6.行驶途中抽烟，记1分，罚100元。[哈哈]转起来给身边开车的童鞋[兔子][熊猫],1,0.004860059138685932,-0.0007563760822171369,0.0,0.0
听说是腾讯北分，银科大厦17层腾讯微博team的一个同事，在办公室里累倒了。现在具体什么情况不明，也有谣传说。。。了。不管怎么说，咱们干互联网的兄弟们，一定要珍惜自己的身体！！！,1,0.002491551924278115,-0.0037697788285210292,0.0,0.0
[怒] 若是有人在路上拦你，向你推销福建安溪铁观音又建议你闻一下试一下味，千万别上当，那不是铁观音是关音土-迷魂药，当你闻到就会昏倒，然后他们会拿走你所有财物或带你去某处挖器官。据说广东河北天津武汉南昌黑龙江等地开始出现了，请大家小心并发给关心的人。来自一个关心我的姐姐短信,1,0.004063485015525902,0.001021458835973555,0.0,0.0
太好了，最好全都死光光!!!日美海上军演发生直升机相撞，造成日自卫队36人死亡 - 据日本朝日新闻报道17日凌晨日美海上演习时两架阿帕奇直升机发生相撞事故，日本自卫队36人下落不明，日本防卫省正在调查事故原因，自今天下午14点已经发现33具...,1,0.004692873407688587,0.0015398351619591714,0.0,0.0
【震惊 北大学生强奸母猪？】江苏籍北大学生小马爆料：前段时间跟同学张某回老家安徽游玩，结果张某居然让他用手机拍自己强奸母猪，张某一边对圈里的母猪实施奸淫，一边让他帮忙拍下照片作纪念。待张某发泄完毕，还要拉他也来试试。微评：国内最高学府竟有如此学生，到底扇了谁的脸？by：木尔,1,0.0036940963635751735,-0.0010077471429372213,0.004819277108433735,0.004819277108433735
网友真厉害！马赛克太多了些！——【网爆延安打人女城管艳照】延安女城管遭人肉，相册被破解艳照流出！霸气侧漏。网友戏称其：白天打人，晚上吃人。,1,0.004798819652344657,0.000541745342850796,0.0,0.0
在最新出台的《新资源食品管理办法》中猫属于界定中的第一项无食用习惯的动物，猫拥有不被食用的合法身份。只要用途为食用，猫无论在运输还是屠宰过程都是违法的，拦截后可要求价值的10倍赔偿！（转自 ）,1,0.007233480798920286,-0.002959524191457402,0.0,0.0
"130729 中国爱大歌会 主舞LINE特别舞台。舞动的精灵，别样的诱惑—咬着小嘴唇、诱人的锁骨、暖暖的酒窝、傲娇的笑容及充满自信的眼神！[花心](sorry,刚忘记加LOGO了[汗]谢谢提醒的亲）",0,0.0026240837684149273,-0.002746706923012819,0.007017543859649123,0.007017543859649123
这三年来，你唯一没变的是？1.理想；2.工作；3.脾气；4.体重；5.穿衣风格；6.恋人；7.性别；8.手机号码；9.智商；10.全都变了,0,0.0017211545113612892,0.0020608718779713394,0.0,0.0
《涅槃经》中记载了一个公案：在波罗奈国有个屠夫，名叫广额，每天杀羊无数，后来见到舍利弗尊者，生起信敬之心，在一天一夜之中受持八关斋戒，以此因缘命终之后转生为北方毗沙门天王太子。持戒的功德是如此之大，因此持戒修行之人活着安乐、充实，死后也会更加幸福安宁，所以不枉得个人身。,0,0.003151885693046075,-0.0013005014861845231,0.004819277108433735,0.004819277108433735
我们计算的合理人民币对美元汇率是8.7。人民币升值趋势一旦逆转，第一个防守点就是8.7。我们也很清楚，一旦大势逆转，这个防守点毫无意义。以我国的外汇管理水平，恐怕两位数内根本就无防可守。我们不理解北京在忙甚麽？难道，化妆比救命还重要吗？不要在自欺欺人了，不要再浪费时间了，真的来不及了。,0,0.0035754370216004336,0.00168592064131734,0.004878048780487805,0.004878048780487805
【人间惨剧】不能忘却的历史：1984年12月3日晨，印度博帕尔市的联合碳化物有限公司一P~X项目发生氰化物泄漏，覆盖方圆60公里。2.5万人直接致死，55万人间接致死，另外有20多万人永久残废的人间惨剧。现在，当地居民仍然要忍受癌症及胎儿畸形的折磨。,1,0.003583613091820191,0.0010566883310588434,0.0,0.0
无论我此时是多么的彷徨迷茫，最终我都要过上自己想要的生活。——晚安,0,0.0024449921011192367,0.001868350740138684,0.0,0.0
有没有人和我一样，在做一件事的时候，突然感觉这个情景很熟悉，似乎曾经在梦里面出现过 ~（转）,0,0.0026395696717196144,-0.0005104233701306377,0.0,0.0
听说文章同学 道歉贴是抄袭高晓松 的，这是什么节奏啊，要不要这莫叼！能不能有点诚意！我只想说是哪个公关公司帮你做的公关！能不能专业一点，不要犯这样低级的错误！[挖鼻屎]（转）,1,0.0030688706646364527,-0.0017052425485536682,0.006779661016949152,0.006779661016949152
捡到粗心小朋友的高考准考证，谁认识通知下，别耽误了高考大事。 白娅倩 考点市一中 考场013 座号11 准考证号204101311／请大家帮忙互相转发，别耽误了孩子高考！联系电话138-3046-8131,1,0.002595204407163973,0.0004852343305996652,0.0,0.0
爱尔兰瑞尔航空公司今早公布的新LOGO……「via白丁2008」（关注,1,0.0026438813285755234,0.007923755283787422,0.0,0.0
【苍井空因钓鱼岛问题退出微博 称永远支持日本】 - 据日媒报道，苍井空因中日钓鱼岛问题气愤宣布退出中文微博!小编想说的是，你真的可以回去了，中国人民也是有底线的。 --从长江网分享 （分享自,1,0.003692122861389116,-0.004468306859241794,-0.007272727272727273,0.007272727272727273
【真机体验】下午把营业厅的真机体验改变了一下方式，每个真机演示一种精品软件。免费发短信：微信；免费视频通话:QQ视频；免费wifi：畅无线；免费通话：暂保密；还有手机电视；快速传输软件：快牙；声控拨号软件：讯飞语点；弹吉它的音乐软件等；希望通过精品的软件介绍提升用户的购买欲望。,0,0.004133687269197921,0.0012195941753378003,0.0049382716049382715,0.0049382716049382715
某人对你的恶毒，源于嫉妒，说明在某些方面你给他添了堵。,0,0.0017320508075688772,0.002291154702264056,0.02,0.02
【网爆延安打人女城管艳照】延安女城管遭人肉，相册被破解艳照流出！霸气侧漏。网友戏称其：白天打人，晚上吃人！转发！！,1,0.004902128877919102,0.0009799719720189597,0.0,0.0
【年关提醒：新版假币又来了！】千万不要上当了~[话筒][话筒][话筒]（转发周知）,1,0.0030981861859832567,0.0001493052883652988,0.0,0.0
大家挺起来//分享网易跟贴:[揭秘]壹基金怎成捐款主渠道,1,0.001982403967574768,0.0019186272691662488,0.0,0.0
魔法士。。。。。。。。。用。。。。。。。。尸油。。。。。。炸。。。。。。。。。。我。。。。。。。。。。。现在。。。。。。。。。才。。。。。。。。。。。。。。。。。。知道。。。。。。。。。。。。。。。。。。。。。。。。。。。。。。。。。。。,1,0.001,-0.0017869040251071808,0.0,0.0
求扩散！！【北京】2个月标致三花妹求领养！朵朵是罕见的灰色和奶油色三花，疑似有英短血统，性格特别好，会吃猫粮用猫砂用猫抓板，洗澡可用电吹风，可以和各种大小型犬成幼年猫和平相处。求不离不弃的妈妈～～领养条件及详情见图，领养请私信或加QQ3407008填写领养申请表。,0,0.0025135607975593096,0.0019706950652591047,0.01038961038961039,0.01038961038961039
爱尔兰瑞尔航空公司今早公布的新LOGO……[衰],1,0.002448952076965867,0.00753841432246857,0.0,0.0
【人生也是有节气的】小的人希冀长大，老的人祈望年轻。这种希望变更的子午线，究竟坐落在哪一扇生日的年轮？与其费尽心机地寻找秘诀，不如退而结网，锻造出心灵与年龄同步的舞蹈。年轻年老都是生命的流程，不必厚此薄彼。人们可以濡养肌体的青春，但不要忘记心灵的疲倦。——毕淑敏,0,0.003188896239971129,-0.0009758801262947373,0.0049382716049382715,0.0049382716049382715
"【最新:李天一案女主角撤销控诉】认证博友 ：""著名编辑透露，李天一案女主角撤销控诉，已达和解意向。因未满18岁，且当时已醉酒，即便诉讼被重判的可能性极低，李天一及其他4名嫌疑人家长的奔走，最终联系上女孩父母进行长谈，受害人终得到极大物质补偿，包括落实北京户口，工作及一套房产。""",1,0.005796032901568018,-8.046751126184109e-05,0.0,0.0
换个国家，这件事大概能拉下一个总统，解散一个内阁，催生一个制度。在天朝，只能换得几人围观，几声叹息。 图中是宁波妇幼医院一妇女因负担不起医治孩子的高昂医药费，怀抱仅4个月大的宝宝在住院楼跳楼自杀，经抢救无效死亡。,1,0.004366771780999204,0.001068244914598,0.0,0.0
初中的时候有一奇葩同学，可偏偏还有一纯洁妹子一直暗恋他... 临毕业的时候，那妹子把那奇葩叫出去了，对他说；“抱我一下...”那奇葩给了妹子一记强有力的千年杀啊擦!据旁观者说妹子脸都绿了，给了那货一耳光哭着跑开了...,0,0.0020938553920320487,-0.001978443869364334,0.005333333333333333,0.005333333333333333
【[话筒]注意：拔掉电源才能接电话！[泪]】几天前，一小伙在家中给手机充电。电话铃响，他沒拔下充电器便接听。结果，几秒之后，悲剧发生了：强大电流通过电源流过手机，年轻人被击倒在地，待父母冲入房间，他已失去意识，心跳微弱，手指烧焦。——教训惨痛，请转亲朋好友，切记！切记！！！[泪],1,0.003497467280801208,-0.0013077712713234976,0.0,0.0
【广州伪娘coser 遭黑人强暴，路过维吾尔族商贩拔刀相助】。。。这信息量。。。。[汗]（转）,1,0.0,-0.0002320041158233297,0.0,0.0
【罗辑思维•限娱清宫戏】深宫。丹墀下跪倒一片重臣。“回禀太后，拳匪砸车了。”凤眼微抬，如电，喝道：“急什么！让荣禄先预备着。再绷一会儿。”,0,0.0014136334195939376,-0.0009739097557818189,0.0,0.0
【帮扩散】朋友妈妈在公交捡到了个钱包，里面有两张身份证，驾驶证和三张1月25号惠州到武昌的火车票，名字分别是陈翠珍，高艳林，张馨元。春运期间，不知道失主花了多少功夫买这三张卧铺票，没了身份证如何回家过年，一定急疯了。转发举手之劳。 (联系:陈珉岩 13006609059) 【请传递正能量】,1,0.004044405333648751,0.00030043281087810685,0.0,0.0
【中国公民的共同梦想】 1、上学不收费；2、就业不求人；3、医生不卖药；4、食品不带毒；5、新闻不说谎；6、教授不白痴；7、当官不受贿；8、城管不打人；9、脱裤不走红；10、吹牛不出名；11、房子不强拆；12、百姓不畏权；13、环境不污染；14、领导不特权...还有啥？你加！fr,0,0.0052515089788561726,-0.0012789552957073048,-0.004210526315789474,0.004210526315789474
＂现在的我 觉得幸福的就是回到家里 冰箱里塞满了零食 爱吃的水果已经洗干净摆在了电脑房的桌上 WIFI立马连上而且一点也不卡 爸爸已经帮你提前打开了暖气 妈妈在餐厅布置碗筷 所有的电子产品都是满电 这时来了一条你的消息正准备点开 抬头的时候发现爸妈同时把菜夹进你的碗里＂,0,0.004219285499037433,-0.0003360048285826934,0.005128205128205128,0.005128205128205128
【猫肉违法！】自2007年12月1日开始执行的中华人民共和国卫生部《新资源食品管理办法》中猫属于界定中的第一项无食用习惯的动物，猫拥有不被食用的合法身份。只要用途为食用，猫无论在运输还是屠宰过程都是违法的，拦截后可要求价值的10倍赔偿 ！！新资源食品管理办法全文链接：,1,0.00784990044700354,-0.0028424154975917565,0.0,0.0
一名中学生，叫周榆棍，17岁，请速回平山县医院，妈妈伤的很严重，想见她最后一面，爸爸号码：18332383039爱心接力，好人有好报,1,0.0026404877163198914,0.003813219636079959,0.011111111111111112,0.011111111111111112
洋毒食——国家质检总局进口不合格食品黑榜：挪威的大西洋鲑鱼，检出副溶血性弧菌，被销毁。韩国进口的乐天牌巧克力粒，德国进口的欧尚85%黑巧克力，均发现铜超标，被退货或销毁。丹麦奇新蓝罐有限公司生产的曲奇(饼干)，大肠菌群超标，被销毁。（via北京晚报）,1,0.0029691693486748384,-0.0023204600150180383,0.0,0.0
【发膜】头发干枯毛躁？上理发店做护理太贵？小美有个平民好方法：1.将头发先洗干净 2整头涂上发膜 3用毛巾包好湿头发 4用电吹风吹10分钟。5最后冲洗干净头发。这样每周做一次，头发一定又柔顺又亮泽噢！>>>>更多精选,0,0.0023597923988742876,0.0013786231864698838,0.0058823529411764705,0.0058823529411764705
自由的飞(爽子)-新浪乐库-在线试听,0,0.0014123029931452837,0.0027999343268966474,0.0,0.0
预计2013年完成《龙族》（世界毁灭后一年）。有人问我，“敢不敢以写《龙族》的速度写完《捭阖录》？”怎么不敢呢？那本书荷载了我青春的郁闷、孤独、牛逼和灿烂啊。没能按计划完成，只在创作过程中被某扯淡的屁事儿干扰了。当我继续它的时候，它会和《龙族》一样光辉！便如战车碾过战场！晚安，All。,0,0.003040636489197101,0.00045968518890921454,0.0,0.0
【劲爆：宁波劈腿楼。。。】这是宁波东部新城门户区2B-U地块，即将落成的西班牙设计师的超现实作品。主刀结构设计的是设计央视大裤衩的结构工程师。绝对是技术帝啊，怎么解决会拐弯的电梯呢？？地产人给的评语是：技术难题不可怕，可怕的是这难题竟然给攻破了啊！亲，你上班会害怕吗？？ by,1,0.0028663832839930133,-0.0017861134447709225,0.01348314606741573,0.01348314606741573
【今日春分】春分雨脚落声微，柳岸斜风带客归。时令北方偏向晚，可知早有绿腰肥。周一的早晨，大家好！（图：老图书馆前的樱花）,0,0.002252599683905763,0.004927014912113508,0.01,0.01
招聘信息：百度用户产品市场部_产品运营主管/项目经理 具体要求如图：有意者请发邮件至qubo10 有劳互联网人士看到后帮忙转发[握手],0,0.003547134165580258,0.0021706826011965506,0.0,0.0
【放下】据说一种鸟能飞越太平洋，它需要的只是一小截树枝。 把树枝衔在嘴里，累了就把树枝扔到水面，飞落到上面休息；饿了就站在树枝上捕鱼；困了就站在树枝上睡觉。如果小鸟衔的不是树枝，而是鸟窝和食物，它能飞越太平洋吗？ 人生亦如此，“心静才能持久，轻囊方能远行。”夜，安。图片by,0,0.003171994443713644,0.0026828076612479897,0.0,0.0
收费将于7月1日开始，收费标准信息5分/条，语音1毛/条＂收了流量费了，还一条条收费！你怎么看！如果收费你还会使用吗？,1,0.0017634487879934447,0.0014853516399507556,0.0,0.0
洛阳市委书记侄子砍死人判三缓三，老人北京上访被抓，在北京黑监狱20年受尽虐待。20年当中家人不知道其在哪，老子侄子在郑州沿街乞讨四处寻找老人，警察二十四小时监管老人上下三代，政府部门官官相护搞得老人家破人亡，老人被逼上绝境唯有通过这种方式申冤（牡丹公园门口）。转,1,0.002796201310676527,5.813710167971068e-05,0.0,0.0
【贪官翻供样本：浙江一书记称被鸡奸3次】“为拿到他们想要的所谓证据，纪委、检察院一口气打了我2000多个耳光！指使不明身份社会人员，用电警棍把我电晕，强行对我鸡奸！持续了三次！”吕子江以被刑讯逼供为由，在二审时全面翻供。官至成克杰，也曾当庭翻供 (新华网),0,0.0028902091092871556,0.0005680835878654163,0.005063291139240506,0.005063291139240506
你们都在刷着文章，马伊利，可你们知道么？文章 的声明是抄袭高晓松 的。原博被删除了我继续转,1,0.002678810505653415,-0.0028946886102690418,0.0,0.0
说个笑话。话说MH370航班的黑匣子被探测落在了南太平洋4000米至6000米深的海沟后，号称能下潜到7000米的蛟龙号官方微博 立刻删光了之前的所有微博。亲，你能告诉我吗？,1,0.0035930638095495837,-0.003243723964719049,0.0,0.0
【四六级终极抱佛脚】①检查有没带齐准考证身份证收音机2B铅笔……②抱佛脚必备：作文预测大全、范文模板大全、翻译句型大全 ③加入微群 发泄吐槽有木有？[ok] 最后的抱佛脚机会，不要错过！！,0,0.0023352143842425084,-0.0017970791993227812,0.0,0.0
拍摄：柒柒 这张图秒杀众粉~ 送礼物啦~[笑哈哈],0,0.001,0.004770933133155328,0.0,0.0
今天下午发生在妇儿医院的惨剧: 一妇女因小孩病重，又负担不起昂贵的医疗费，带着仅四个月的宝宝从12楼跳楼身亡。一方面感叹医疗费用猛于虎，另一方面又惜其脆弱无知，现今媒体力量大，可以求助广大群众募捐，就算医不好也不能走极端，没有过不去的坎，可怜了小小生命！,1,0.0037277528223180643,-0.0008240359646700793,0.0,0.0
收工到家了。亲爱的宝们。虽然两个人才吧这些礼物拎上楼。但是心里可美[哈哈]感恩你们。谢谢你们。,0,0.0024427120462562372,-0.002283617319704313,0.0,0.0
【锅巴】1.淘净的米放锅中，煮成半熟捞出，再放蒸锅中蒸熟；2.趁热拌入少量猪油，待米饭冷却至常温时拌入淀粉；3.米饭手工擀成2mm厚的米片，再用刀切成适当的小片；4.适量植物油入锅加热，油热后放入米片，炸至浅黄色捞出，控去多余的油，撒调味粉即成~♥学着给老公做美食，,0,0.0016512273489576405,0.0010763095427700695,0.0,0.0
说话算数吧'希望大家多多关注电影「美丽有缘」'同时也多多关注我们的官微'只是现在的粉丝好少'很多话都不好跟老板开口'求粉求转求评论呐呐呐'各位亲我们一起加油！！！,0,0.003195530461718439,0.005001249510965363,0.0163265306122449,0.0163265306122449
视频-重温1999年曼联队歌 小贝吉格斯出镜倾情献唱,0,0.0017300405850654225,0.0007727324901087343,0.0,0.0
世界上最温暖的两个字是：晚安！[爱你],0,0.0017306450446085376,0.004318149912746297,0.02666666666666667,0.02666666666666667
分享图片：县长夫人在巴黎!,1,0.0017304745947368764,0.0002486410146725344,0.0,0.0
意大利女部长签字中.....(转）[吃惊][偷笑],1,0.0,0.007323294719647904,0.0,0.0
今日中午12点半至1点15分，新浪微博管理员徐某使用服务器带宽下载CL网爱情动作片42G左右，造成新浪微博无法访问。---对此微博技术负责人 侧面证实了此事，并称：从技术上来说，微博管理员拿到了服务器权限：制度问题，下载带宽抢了服务器资源：网络架构问题，45分钟还在持续下载：预案有问题。,1,0.004538045727359702,-0.0008332087956779425,-0.016,0.016
"求证[怒]【到了拼老公的时代了！法院副院长？】北京朝阳门一带,一辆MINI，没驾驶证，多次违章,闯红灯，超速。差点把一位过马路老奶奶撞倒。交警拦下后该女子叫嚣老公是个非常有钱有权有势的XX领导！你知道我男人是谁吗？说出来吓死你们！有网友爆料：京M87187女车主的老公为北京市人民法院副院长赵航",1,0.004235175299867061,0.0016861980665731037,0.0,0.0
【这就是神秘手机?6.1寸华为概念机惊现】近日网上流传华为将推出6.1英寸1080p屏幕“神秘手机”的消息，为什么是6.1英寸呢？或许要从概念机说起，我们在某华为博客上看到了相关消息，据称这款Hinge手机是专为男孩们设计的。至于是否就是华为的神秘手机，现在还不确定,0,0.003468139002619078,0.004531691109666517,0.0,0.0
今天碰到一位老爷爷，华工第一届无线电专业毕业生，只身一人下午回到母校没赶上签到。他说自己是老古董怕大家不记得他，还带来了自己的毕业证书。怎么说呢，当华园那份属于自己的岁月早已消逝，一切物是人非，是怀着怎样复杂，怎样喜悦里饱含沧桑的感情回来看看你，我最爱的母校,0,0.003199809995007806,-0.0007352414100144064,0.0,0.0
【杭州出现新公交骗局】杭州最近发生了系列高级骗局，乘公交车的亲人们警惕哦。骗子最新手法：在公交车上，三人一组，三个骗子围坐在你周围，借机把手机放在你手袋或衣袋中，之后就说不见手机了。骗子借同伙致电自己手机时，你袋里的手机就会响起，令你变成小偷，屈你钱。在杭州的朋友要当心了！（转）,1,0.0030701974494269403,-0.002960199695714203,-0.012903225806451613,0.012903225806451613
"【和解坑了谁？】有消息称,李家及其他4名嫌疑人家长经与女孩父母长谈,受害人在得到包括落实北京户口工作及一套房产的补偿后已同意撤销控诉和解。尽管法律倡导和解李案和解也在预料中,但对一个""屡教不改""的""惯犯""说没他爹摆不平的事,却总归不是什么好事,我们不想增加仇恨撕裂社会,你也不能罩你儿一辈子!",1,0.005238246805167662,-0.0007507425349771224,0.00851063829787234,0.00851063829787234
全球发出紧急警示，赶紧扩散!!! 隐翅虫，在你身上时绝对不要打，她身上有毒液，接触到皮肤，就死定了！跟你的孩子、朋友讲，万一身上有这虫，用嘴巴轻轻吹走就好。绝对不要用手打.医师强调，如果每个收到这份微博的人，能够转发十份给其他人，肯定至少有一条生命将会被挽救回来，请转发!!!,1,0.004428790098530642,-0.0008305168785601981,-0.0044444444444444444,0.0044444444444444444
【伟大母亲 为救儿子身亡】雅安芦山县灾区的废墟中，一个八岁小男孩被救出，但她母亲却保护儿子而遇难，儿子才没有砸到。这个小男孩叫做杨宇杰，他母亲叫杨双梅（音），37岁。伟大的母亲，一路走好！(via鲁国平先生),1,0.0027599759353661227,-0.001589376356813573,-0.006060606060606061,0.006060606060606061
紧急通知：副驾驶不系安全带相同处罚，开车打手机罚50，闯黄闪100，越线100，今晚六点半至夜二点全国交警集中查处酒架，为期60天重罚！每月10*20*30日省厅带队，3*7*13*17*23日和每周五，六市局检查，时间12-14点和19-21点。,1,0.004922734570807463,-0.0017200057793271197,0.0,0.0
【CCTV今天播出交通新规】1闯红灯记6分罚100元。2 酒驾记12分5年内不得再考取驾照。3 不系安全带记3分罚100元。4 副驾不系安全带记1分罚50元。5 行驶中拨打手机记3分罚100元。6 行驶中抽烟记1分罚100元。7 有意遮挡号牌记12分，顶额处罚。8 超速驾驶记6分。9 副驾驶有不满14周岁乘坐的记6分罚300元。转,1,0.004545651268816044,-0.0009390297062173481,0.004,0.004
【河南强拆：22岁少女讨说法被禽兽马路上扒光衣裳示众】河南许昌市东城区“恒达·名门尚居”强拆现场，禽兽拆迁人员扒掉戚小芳（22岁）的上衣羞辱。记者连线打人者，打人者称：“我以一个共产党员保证，没有打她。”戚小芳报案，警方也不给任何说法。 求辟谣，去转发!!!! ​,1,0.003357346582067944,0.0016133283577759421,0.0,0.0
